<?xml version="1.0" encoding="utf-8"?>
<!--/294336/1173075/2.50/2/2/Inductor (FeSi Core)/-->
<quadcept_library>
  <setting unit="mil" />
  <textstyle name="Default" height="47.244094488189" strokewidth="7.8740157480315" charwidth="47.244094488189" />
  <textstyle name="Dimension" height="19.6850393700787" strokewidth="0" charwidth="19.6850393700787" />
  <textstyle name="H127W0635TH00762" height="50" strokewidth="3" charwidth="25" />
  <textstyle name="H15W15TH02" height="59.0551181102362" strokewidth="7.8740157480315" charwidth="59.0551181102362" />
  <padstyle name="r340_185" surface="True" plated="False" isvia="False" nopaste="False" nomask="True" complex="False" holesize="0">
    <padshape layer="TOP" shape="rectangle" width="72.83464566929" height="133.85826771653" />
    <padshape layer="TOP_SOLDER_MASK" shape="rectangle" width="80.708661417322" height="141.73228346457" />
    <padshape layer="TOP_SOLDER_PASTE" shape="rectangle" width="72.83464566929" height="133.85826771653" />
  </padstyle>
  <footprint name="SPM6530" originx="0" originy="0" pickpointx="0" pickpointy="0">
    <pcbpin number="1" name="1" style="r340_185" originx="-109.25196850394" originy="0" rotation="0" />
    <pcbpin number="2" name="2" style="r340_185" originx="109.25196850394" originy="0" rotation="0" />
    <line layer="TOP_ASSEMBLY" originx="-139.76377952756" originy="88.582677165353" endx="-100.3937007874" endy="127.95275590551" width="7.8740157480314" />
    <line layer="TOP_ASSEMBLY" originx="-100.3937007874" originy="127.95275590551" endx="139.76377952756" endy="127.95275590551" width="7.8740157480314" />
    <line layer="TOP_ASSEMBLY" originx="139.76377952756" originy="127.95275590551" endx="139.76377952756" endy="-88.582677165353" width="7.8740157480314" />
    <line layer="TOP_ASSEMBLY" originx="139.76377952756" originy="-88.582677165353" endx="100.3937007874" endy="-127.95275590551" width="7.8740157480314" />
    <line layer="TOP_ASSEMBLY" originx="100.3937007874" originy="-127.95275590551" endx="-139.76377952756" endy="-127.95275590551" width="7.8740157480314" />
    <line layer="TOP_ASSEMBLY" originx="-139.76377952756" originy="-127.95275590551" endx="-139.76377952756" endy="88.582677165353" width="7.8740157480314" />
    <line layer="TOP_SILKSCREEN" originx="-139.76377952756" originy="88.582677165353" endx="-100.3937007874" endy="127.95275590551" width="7.8740157480314" />
    <line layer="TOP_SILKSCREEN" originx="-100.3937007874" originy="127.95275590551" endx="139.76377952756" endy="127.95275590551" width="7.8740157480314" />
    <line layer="TOP_SILKSCREEN" originx="139.76377952756" originy="-88.582677165353" endx="100.3937007874" endy="-127.95275590551" width="7.8740157480314" />
    <line layer="TOP_SILKSCREEN" originx="100.3937007874" originy="-127.95275590551" endx="-139.76377952756" endy="-127.95275590551" width="7.8740157480314" />
    <arc layer="TOP_SILKSCREEN" originx="-162.44094488189" originy="7.5984251968503" startangle="180" sweepangle="180" radius="4.7074803149606" width="7.8740157480314" />
    <arc layer="TOP_SILKSCREEN" originx="-162.44094488189" originy="7.5984251968503" startangle="180" sweepangle="-180" radius="4.7074803149606" width="7.8740157480314" />
  </footprint>
  <symbol name="SPM6530T-1R0M120" originx="0" originy="0">
    <arc originx="250" originy="-2" startangle="177.7" sweepangle="-175.4" radius="50" width="0" />
    <arc originx="350" originy="-2" startangle="177.7" sweepangle="-175.4" radius="50" width="0" />
    <arc originx="450" originy="-2" startangle="177.7" sweepangle="-175.4" radius="50" width="0" />
    <arc originx="550" originy="-2" startangle="177.7" sweepangle="-175.4" radius="50" width="0" />
    <line originx="200" originy="100" endx="600" endy="100" width="0" />
    <sympin number="1" originx="200" originy="0" rotation="180" length="100" width="7.8740157480315" flipped="False">
      <text name="pinname" originx="0" originy="-10" style="Default" rotation="0" justify="upperleft" flipped="False" hidden="True" data="1" />
      <text name="pindes" originx="0" originy="10" style="Default" rotation="0" justify="lowerleft" flipped="False" hidden="False" data="1" />
    </sympin>
    <sympin number="2" originx="600" originy="0" rotation="0" length="100" width="7.8740157480315" flipped="False">
      <text name="pinname" originx="800" originy="-10" style="Default" rotation="0" justify="upperright" flipped="False" hidden="True" data="2" />
      <text name="pindes" originx="800" originy="10" style="Default" rotation="0" justify="lowerright" flipped="False" hidden="False" data="2" />
    </sympin>
  </symbol>
  <component name="SPM6530T-1R0M120" designatorprefix="L" height="0" footprint="SPM6530">
    <comppin designator="1" sympin="1" pinswap="0" gateswap="0" gate="1" group="1" side="" type="Any" name="1" />
    <comppin designator="2" sympin="2" pinswap="0" gateswap="0" gate="1" group="1" side="" type="Any" name="2" />
    <attached_symbol gate="1" name="SPM6530T-1R0M120" />
    <pinmap designator="1" footprintpin="1" />
    <pinmap designator="2" footprintpin="2" />
    <text name="Datasheet" originx="0" originy="0" style="Default" rotation="0" justify="" flipped="False" hidden="True" data="https://product.tdk.com/system/files/dam/doc/product/inductor/inductor/smd/catalog/inductor_commercial_power_spm6530_en.pdf" />
    <text name="Description" originx="0" originy="0" style="Default" rotation="0" justify="" flipped="False" hidden="True" data="TDK - SPM6530T-1R0M120 - INDUCTOR, 1UH, 20%, SHIELDED" />
    <text name="Manufacturer_Name" originx="0" originy="0" style="Default" rotation="0" justify="" flipped="False" hidden="True" data="TDK" />
    <text name="Manufacturer_Part_Number" originx="650" originy="150" style="Default" rotation="0" justify="left" flipped="False" hidden="False" data="SPM6530T-1R0M120" />
    <text name="Mouser Part Number" originx="0" originy="0" style="Default" rotation="0" justify="" flipped="False" hidden="True" data="810-SPM6530T-1R0M120" />
    <text name="Mouser Price/Stock" originx="0" originy="0" style="Default" rotation="0" justify="" flipped="False" hidden="True" data="https://www.mouser.co.uk/ProductDetail/TDK/SPM6530T-1R0M120?qs=chjFIDm9dbpAC3nWIRa%252B5A%3D%3D" />
    <text name="Arrow Part Number" originx="0" originy="0" style="Default" rotation="0" justify="" flipped="False" hidden="True" data="SPM6530T-1R0M120" />
    <text name="Arrow Price/Stock" originx="0" originy="0" style="Default" rotation="0" justify="" flipped="False" hidden="True" data="https://www.arrow.com/en/products/spm6530t-1r0m120/tdk?region=nac" />
  </component>
</quadcept_library>
