<?xml version="1.0" encoding="utf-8"?>
<!--/12671301/1173075/2.50/33/4/Integrated Circuit/-->
<quadcept_library>
  <setting unit="mil" />
  <textstyle name="Default" height="47.244094488189" strokewidth="7.8740157480315" charwidth="47.244094488189" />
  <textstyle name="Dimension" height="19.6850393700787" strokewidth="0" charwidth="19.6850393700787" />
  <textstyle name="H127W0635TH00762" height="50" strokewidth="3" charwidth="25" />
  <textstyle name="H15W15TH02" height="59.0551181102362" strokewidth="7.8740157480315" charwidth="59.0551181102362" />
  <padstyle name="r60_20" surface="True" plated="False" isvia="False" nopaste="False" nomask="True" complex="False" holesize="0">
    <padshape layer="TOP" shape="rectangle" width="7.8740157480314" height="23.622047244094" />
    <padshape layer="TOP_SOLDER_MASK" shape="rectangle" width="15.748031496063" height="31.496062992126" />
    <padshape layer="TOP_SOLDER_PASTE" shape="rectangle" width="7.8740157480314" height="23.622047244094" />
  </padstyle>
  <padstyle name="r75_20" surface="True" plated="False" isvia="False" nopaste="False" nomask="True" complex="False" holesize="0">
    <padshape layer="TOP" shape="rectangle" width="7.8740157480314" height="29.527559055118" />
    <padshape layer="TOP_SOLDER_MASK" shape="rectangle" width="15.748031496063" height="37.401574803149" />
    <padshape layer="TOP_SOLDER_PASTE" shape="rectangle" width="7.8740157480314" height="29.527559055118" />
  </padstyle>
  <padstyle name="r70_20" surface="True" plated="False" isvia="False" nopaste="False" nomask="True" complex="False" holesize="0">
    <padshape layer="TOP" shape="rectangle" width="7.8740157480314" height="27.55905511811" />
    <padshape layer="TOP_SOLDER_MASK" shape="rectangle" width="15.748031496063" height="35.433070866141" />
    <padshape layer="TOP_SOLDER_PASTE" shape="rectangle" width="7.8740157480314" height="27.55905511811" />
  </padstyle>
  <padstyle name="r65_20" surface="True" plated="False" isvia="False" nopaste="False" nomask="True" complex="False" holesize="0">
    <padshape layer="TOP" shape="rectangle" width="7.8740157480314" height="25.590551181102" />
    <padshape layer="TOP_SOLDER_MASK" shape="rectangle" width="15.748031496063" height="33.464566929133" />
    <padshape layer="TOP_SOLDER_PASTE" shape="rectangle" width="7.8740157480314" height="25.590551181102" />
  </padstyle>
  <padstyle name="r68_20" surface="True" plated="False" isvia="False" nopaste="False" nomask="True" complex="False" holesize="0">
    <padshape layer="TOP" shape="rectangle" width="7.8740157480314" height="26.771653543307" />
    <padshape layer="TOP_SOLDER_MASK" shape="rectangle" width="15.748031496063" height="34.645669291338" />
    <padshape layer="TOP_SOLDER_PASTE" shape="rectangle" width="7.8740157480314" height="26.771653543307" />
  </padstyle>
  <padstyle name="r100_20" surface="True" plated="False" isvia="False" nopaste="False" nomask="True" complex="False" holesize="0">
    <padshape layer="TOP" shape="rectangle" width="7.8740157480314" height="39.370078740157" />
    <padshape layer="TOP_SOLDER_MASK" shape="rectangle" width="15.748031496063" height="47.244094488188" />
    <padshape layer="TOP_SOLDER_PASTE" shape="rectangle" width="7.8740157480314" height="39.370078740157" />
  </padstyle>
  <footprint name="BQ25792RQMR" originx="0" originy="0" pickpointx="0" pickpointy="0">
    <pcbpin number="1" name="1" style="r75_20" originx="-71.850393700787" originy="62.992125984251" rotation="90" />
    <pcbpin number="2" name="2" style="r60_20" originx="-74.803149606298" originy="47.244094488188" rotation="90" />
    <pcbpin number="3" name="3" style="r60_20" originx="-74.803149606298" originy="31.496062992126" rotation="90" />
    <pcbpin number="4" name="4" style="r60_20" originx="-74.803149606298" originy="15.748031496063" rotation="90" />
    <pcbpin number="5" name="5" style="r60_20" originx="-74.803149606298" originy="0" rotation="90" />
    <pcbpin number="6" name="6" style="r60_20" originx="-74.803149606298" originy="-15.748031496063" rotation="90" />
    <pcbpin number="7" name="7" style="r60_20" originx="-74.803149606298" originy="-31.496062992126" rotation="90" />
    <pcbpin number="8" name="8" style="r60_20" originx="-74.803149606298" originy="-47.244094488188" rotation="90" />
    <pcbpin number="9" name="9" style="r70_20" originx="-72.83464566929" originy="-62.992125984251" rotation="90" />
    <pcbpin number="10" name="10" style="r60_20" originx="-39.370078740157" originy="-74.803149606298" rotation="0" />
    <pcbpin number="11" name="11" style="r60_20" originx="-23.622047244094" originy="-74.803149606298" rotation="0" />
    <pcbpin number="12" name="12" style="r60_20" originx="-7.8740157480314" originy="-74.803149606298" rotation="0" />
    <pcbpin number="13" name="13" style="r60_20" originx="7.8740157480314" originy="-74.803149606298" rotation="0" />
    <pcbpin number="14" name="14" style="r60_20" originx="23.622047244094" originy="-74.803149606298" rotation="0" />
    <pcbpin number="15" name="15" style="r60_20" originx="39.370078740157" originy="-74.803149606298" rotation="0" />
    <pcbpin number="16" name="16" style="r70_20" originx="72.952755905511" originy="-62.992125984251" rotation="90" />
    <pcbpin number="17" name="17" style="r70_20" originx="72.83464566929" originy="-47.244094488188" rotation="90" />
    <pcbpin number="18" name="18" style="r65_20" originx="73.818897637794" originy="-31.496062992126" rotation="90" />
    <pcbpin number="19" name="19" style="r68_20" originx="73.228346456692" originy="-15.748031496063" rotation="90" />
    <pcbpin number="20" name="20" style="r60_20" originx="74.803149606298" originy="0" rotation="90" />
    <pcbpin number="21" name="21" style="r60_20" originx="74.803149606298" originy="15.748031496063" rotation="90" />
    <pcbpin number="22" name="22" style="r60_20" originx="74.803149606298" originy="31.496062992126" rotation="90" />
    <pcbpin number="23" name="23" style="r60_20" originx="74.803149606298" originy="47.244094488188" rotation="90" />
    <pcbpin number="24" name="24" style="r75_20" originx="71.850393700787" originy="62.992125984251" rotation="90" />
    <pcbpin number="25" name="25" style="r100_20" originx="35.433070866141" originy="66.929133858267" rotation="0" />
    <pcbpin number="26" name="26" style="r100_20" originx="17.716535433071" originy="66.929133858267" rotation="0" />
    <pcbpin number="27" name="27" style="r100_20" originx="0" originy="66.929133858267" rotation="0" />
    <pcbpin number="28" name="28" style="r100_20" originx="-17.716535433071" originy="66.929133858267" rotation="0" />
    <pcbpin number="29" name="29" style="r100_20" originx="-35.433070866141" originy="66.929133858267" rotation="0" />
    <pcbpin number="30" name="30" style="r70_20" originx="-53.149606299212" originy="72.83464566929" rotation="0" />
    <pcbpin number="31" name="31" style="r70_20" originx="-55.11811023622" originy="-72.83464566929" rotation="0" />
    <pcbpin number="32" name="32" style="r70_20" originx="55.11811023622" originy="-72.83464566929" rotation="0" />
    <pcbpin number="33" name="33" style="r70_20" originx="53.149606299212" originy="72.83464566929" rotation="0" />
    <line layer="TOP_ASSEMBLY" originx="-78.740157480314" originy="-78.740157480314" endx="78.740157480314" endy="-78.740157480314" width="7.8740157480314" />
    <line layer="TOP_ASSEMBLY" originx="78.740157480314" originy="-78.740157480314" endx="78.740157480314" endy="78.740157480314" width="7.8740157480314" />
    <line layer="TOP_ASSEMBLY" originx="78.740157480314" originy="78.740157480314" endx="-78.740157480314" endy="78.740157480314" width="7.8740157480314" />
    <line layer="TOP_ASSEMBLY" originx="-78.740157480314" originy="78.740157480314" endx="-78.740157480314" endy="-78.740157480314" width="7.8740157480314" />
    <line layer="TOP_PLACE_BOUND" originx="-125.9842519685" originy="125.9842519685" endx="126.10236220472" endy="125.9842519685" width="3.9370078740157" />
    <line layer="TOP_PLACE_BOUND" originx="126.10236220472" originy="125.9842519685" endx="126.10236220472" endy="-125.9842519685" width="3.9370078740157" />
    <line layer="TOP_PLACE_BOUND" originx="126.10236220472" originy="-125.9842519685" endx="-125.9842519685" endy="-125.9842519685" width="3.9370078740157" />
    <line layer="TOP_PLACE_BOUND" originx="-125.9842519685" originy="-125.9842519685" endx="-125.9842519685" endy="125.9842519685" width="3.9370078740157" />
    <line layer="TOP_SILKSCREEN" originx="-102.36220472441" originy="62.992125984251" endx="-102.36220472441" endy="62.992125984251" width="3.9370078740157" />
    <arc layer="TOP_SILKSCREEN" originx="-104.33070866142" originy="62.992125984251" startangle=".0" sweepangle="180.0" radius="1.9685039370078" width="3.9370078740157" />
    <line layer="TOP_SILKSCREEN" originx="-106.29921259842" originy="62.992125984251" endx="-106.29921259842" endy="62.992125984251" width="3.9370078740157" />
    <arc layer="TOP_SILKSCREEN" originx="-104.33070866142" originy="62.992125984251" startangle="180.0" sweepangle="180.0" radius="1.9685039370078" width="3.9370078740157" />
  </footprint>
  <symbol name="BQ25792RQMR" originx="0" originy="0">
    <line originx="200" originy="100" endx="1200" endy="100" width="0" />
    <line originx="1200" originy="-1700" endx="1200" endy="100" width="0" />
    <line originx="1200" originy="-1700" endx="200" endy="-1700" width="0" />
    <line originx="200" originy="100" endx="200" endy="-1700" width="0" />
    <sympin number="1" originx="200" originy="0" rotation="180" length="100" width="7.8740157480315" flipped="False">
      <text name="pinname" originx="230" originy="0" style="Default" rotation="0" justify="left" flipped="False" hidden="False" data="STAT_1" />
      <text name="pindes" originx="140" originy="20" style="Default" rotation="0" justify="lowerright" flipped="False" hidden="False" data="1" />
    </sympin>
    <sympin number="2" originx="200" originy="-100" rotation="180" length="100" width="7.8740157480315" flipped="False">
      <text name="pinname" originx="230" originy="-100" style="Default" rotation="0" justify="left" flipped="False" hidden="False" data="VBUS_1" />
      <text name="pindes" originx="140" originy="-80" style="Default" rotation="0" justify="lowerright" flipped="False" hidden="False" data="2" />
    </sympin>
    <sympin number="3" originx="200" originy="-200" rotation="180" length="100" width="7.8740157480315" flipped="False">
      <text name="pinname" originx="230" originy="-200" style="Default" rotation="0" justify="left" flipped="False" hidden="False" data="VBUS_2" />
      <text name="pindes" originx="140" originy="-180" style="Default" rotation="0" justify="lowerright" flipped="False" hidden="False" data="3" />
    </sympin>
    <sympin number="4" originx="200" originy="-300" rotation="180" length="100" width="7.8740157480315" flipped="False">
      <text name="pinname" originx="230" originy="-300" style="Default" rotation="0" justify="left" flipped="False" hidden="False" data="BTST1" />
      <text name="pindes" originx="140" originy="-280" style="Default" rotation="0" justify="lowerright" flipped="False" hidden="False" data="4" />
    </sympin>
    <sympin number="5" originx="200" originy="-400" rotation="180" length="100" width="7.8740157480315" flipped="False">
      <text name="pinname" originx="230" originy="-400" style="Default" rotation="0" justify="left" flipped="False" hidden="False" data="REGN" />
      <text name="pindes" originx="140" originy="-380" style="Default" rotation="0" justify="lowerright" flipped="False" hidden="False" data="5" />
    </sympin>
    <sympin number="6" originx="200" originy="-500" rotation="180" length="100" width="7.8740157480315" flipped="False">
      <text name="pinname" originx="230" originy="-500" style="Default" rotation="0" justify="left" flipped="False" hidden="False" data="D+" />
      <text name="pindes" originx="140" originy="-480" style="Default" rotation="0" justify="lowerright" flipped="False" hidden="False" data="6" />
    </sympin>
    <sympin number="7" originx="200" originy="-600" rotation="180" length="100" width="7.8740157480315" flipped="False">
      <text name="pinname" originx="230" originy="-600" style="Default" rotation="0" justify="left" flipped="False" hidden="False" data="D-" />
      <text name="pindes" originx="140" originy="-580" style="Default" rotation="0" justify="lowerright" flipped="False" hidden="False" data="7" />
    </sympin>
    <sympin number="8" originx="200" originy="-700" rotation="180" length="100" width="7.8740157480315" flipped="False">
      <text name="pinname" originx="230" originy="-700" style="Default" rotation="0" justify="left" flipped="False" hidden="False" data="VAC2" />
      <text name="pindes" originx="140" originy="-680" style="Default" rotation="0" justify="lowerright" flipped="False" hidden="False" data="8" />
    </sympin>
    <sympin number="9" originx="200" originy="-800" rotation="180" length="100" width="7.8740157480315" flipped="False">
      <text name="pinname" originx="230" originy="-800" style="Default" rotation="0" justify="left" flipped="False" hidden="False" data="VAC1_1" />
      <text name="pindes" originx="140" originy="-780" style="Default" rotation="0" justify="lowerright" flipped="False" hidden="False" data="9" />
    </sympin>
    <sympin number="10" originx="200" originy="-900" rotation="180" length="100" width="7.8740157480315" flipped="False">
      <text name="pinname" originx="230" originy="-900" style="Default" rotation="0" justify="left" flipped="False" hidden="False" data="ACDRV2" />
      <text name="pindes" originx="140" originy="-880" style="Default" rotation="0" justify="lowerright" flipped="False" hidden="False" data="10" />
    </sympin>
    <sympin number="11" originx="200" originy="-1000" rotation="180" length="100" width="7.8740157480315" flipped="False">
      <text name="pinname" originx="230" originy="-1000" style="Default" rotation="0" justify="left" flipped="False" hidden="False" data="ACDRV1" />
      <text name="pindes" originx="140" originy="-980" style="Default" rotation="0" justify="lowerright" flipped="False" hidden="False" data="11" />
    </sympin>
    <sympin number="12" originx="200" originy="-1100" rotation="180" length="100" width="7.8740157480315" flipped="False">
      <text name="pinname" originx="230" originy="-1100" style="Default" rotation="0" justify="left" flipped="False" hidden="False" data="\QON" />
      <text name="pindes" originx="140" originy="-1080" style="Default" rotation="0" justify="lowerright" flipped="False" hidden="False" data="12" />
    </sympin>
    <sympin number="13" originx="200" originy="-1200" rotation="180" length="100" width="7.8740157480315" flipped="False">
      <text name="pinname" originx="230" originy="-1200" style="Default" rotation="0" justify="left" flipped="False" hidden="False" data="\CE" />
      <text name="pindes" originx="140" originy="-1180" style="Default" rotation="0" justify="lowerright" flipped="False" hidden="False" data="13" />
    </sympin>
    <sympin number="14" originx="200" originy="-1300" rotation="180" length="100" width="7.8740157480315" flipped="False">
      <text name="pinname" originx="230" originy="-1300" style="Default" rotation="0" justify="left" flipped="False" hidden="False" data="SCL" />
      <text name="pindes" originx="140" originy="-1280" style="Default" rotation="0" justify="lowerright" flipped="False" hidden="False" data="14" />
    </sympin>
    <sympin number="15" originx="200" originy="-1400" rotation="180" length="100" width="7.8740157480315" flipped="False">
      <text name="pinname" originx="230" originy="-1400" style="Default" rotation="0" justify="left" flipped="False" hidden="False" data="SDA" />
      <text name="pindes" originx="140" originy="-1380" style="Default" rotation="0" justify="lowerright" flipped="False" hidden="False" data="15" />
    </sympin>
    <sympin number="16" originx="200" originy="-1500" rotation="180" length="100" width="7.8740157480315" flipped="False">
      <text name="pinname" originx="230" originy="-1500" style="Default" rotation="0" justify="left" flipped="False" hidden="False" data="TS_1" />
      <text name="pindes" originx="140" originy="-1480" style="Default" rotation="0" justify="lowerright" flipped="False" hidden="False" data="16" />
    </sympin>
    <sympin number="17" originx="200" originy="-1600" rotation="180" length="100" width="7.8740157480315" flipped="False">
      <text name="pinname" originx="230" originy="-1600" style="Default" rotation="0" justify="left" flipped="False" hidden="False" data="ILIM_HIZ" />
      <text name="pindes" originx="140" originy="-1580" style="Default" rotation="0" justify="lowerright" flipped="False" hidden="False" data="17" />
    </sympin>
    <sympin number="18" originx="1200" originy="0" rotation="0" length="100" width="7.8740157480315" flipped="False">
      <text name="pinname" originx="1170" originy="0" style="Default" rotation="0" justify="right" flipped="False" hidden="False" data="BATP" />
      <text name="pindes" originx="1260" originy="20" style="Default" rotation="0" justify="lowerleft" flipped="False" hidden="False" data="18" />
    </sympin>
    <sympin number="19" originx="1200" originy="-100" rotation="0" length="100" width="7.8740157480315" flipped="False">
      <text name="pinname" originx="1170" originy="-100" style="Default" rotation="0" justify="right" flipped="False" hidden="False" data="BTST2" />
      <text name="pindes" originx="1260" originy="-80" style="Default" rotation="0" justify="lowerleft" flipped="False" hidden="False" data="19" />
    </sympin>
    <sympin number="20" originx="1200" originy="-200" rotation="0" length="100" width="7.8740157480315" flipped="False">
      <text name="pinname" originx="1170" originy="-200" style="Default" rotation="0" justify="right" flipped="False" hidden="False" data="PROG" />
      <text name="pindes" originx="1260" originy="-180" style="Default" rotation="0" justify="lowerleft" flipped="False" hidden="False" data="20" />
    </sympin>
    <sympin number="21" originx="1200" originy="-300" rotation="0" length="100" width="7.8740157480315" flipped="False">
      <text name="pinname" originx="1170" originy="-300" style="Default" rotation="0" justify="right" flipped="False" hidden="False" data="\INT" />
      <text name="pindes" originx="1260" originy="-280" style="Default" rotation="0" justify="lowerleft" flipped="False" hidden="False" data="21" />
    </sympin>
    <sympin number="22" originx="1200" originy="-400" rotation="0" length="100" width="7.8740157480315" flipped="False">
      <text name="pinname" originx="1170" originy="-400" style="Default" rotation="0" justify="right" flipped="False" hidden="False" data="BAT_1" />
      <text name="pindes" originx="1260" originy="-380" style="Default" rotation="0" justify="lowerleft" flipped="False" hidden="False" data="22" />
    </sympin>
    <sympin number="23" originx="1200" originy="-500" rotation="0" length="100" width="7.8740157480315" flipped="False">
      <text name="pinname" originx="1170" originy="-500" style="Default" rotation="0" justify="right" flipped="False" hidden="False" data="BAT_2" />
      <text name="pindes" originx="1260" originy="-480" style="Default" rotation="0" justify="lowerleft" flipped="False" hidden="False" data="23" />
    </sympin>
    <sympin number="24" originx="1200" originy="-600" rotation="0" length="100" width="7.8740157480315" flipped="False">
      <text name="pinname" originx="1170" originy="-600" style="Default" rotation="0" justify="right" flipped="False" hidden="False" data="SDRV_1" />
      <text name="pindes" originx="1260" originy="-580" style="Default" rotation="0" justify="lowerleft" flipped="False" hidden="False" data="24" />
    </sympin>
    <sympin number="25" originx="1200" originy="-700" rotation="0" length="100" width="7.8740157480315" flipped="False">
      <text name="pinname" originx="1170" originy="-700" style="Default" rotation="0" justify="right" flipped="False" hidden="False" data="SYS" />
      <text name="pindes" originx="1260" originy="-680" style="Default" rotation="0" justify="lowerleft" flipped="False" hidden="False" data="25" />
    </sympin>
    <sympin number="26" originx="1200" originy="-800" rotation="0" length="100" width="7.8740157480315" flipped="False">
      <text name="pinname" originx="1170" originy="-800" style="Default" rotation="0" justify="right" flipped="False" hidden="False" data="SW2" />
      <text name="pindes" originx="1260" originy="-780" style="Default" rotation="0" justify="lowerleft" flipped="False" hidden="False" data="26" />
    </sympin>
    <sympin number="27" originx="1200" originy="-900" rotation="0" length="100" width="7.8740157480315" flipped="False">
      <text name="pinname" originx="1170" originy="-900" style="Default" rotation="0" justify="right" flipped="False" hidden="False" data="GND" />
      <text name="pindes" originx="1260" originy="-880" style="Default" rotation="0" justify="lowerleft" flipped="False" hidden="False" data="27" />
    </sympin>
    <sympin number="28" originx="1200" originy="-1000" rotation="0" length="100" width="7.8740157480315" flipped="False">
      <text name="pinname" originx="1170" originy="-1000" style="Default" rotation="0" justify="right" flipped="False" hidden="False" data="SW1" />
      <text name="pindes" originx="1260" originy="-980" style="Default" rotation="0" justify="lowerleft" flipped="False" hidden="False" data="28" />
    </sympin>
    <sympin number="29" originx="1200" originy="-1100" rotation="0" length="100" width="7.8740157480315" flipped="False">
      <text name="pinname" originx="1170" originy="-1100" style="Default" rotation="0" justify="right" flipped="False" hidden="False" data="PMID" />
      <text name="pindes" originx="1260" originy="-1080" style="Default" rotation="0" justify="lowerleft" flipped="False" hidden="False" data="29" />
    </sympin>
    <sympin number="30" originx="1200" originy="-1200" rotation="0" length="100" width="7.8740157480315" flipped="False">
      <text name="pinname" originx="1170" originy="-1200" style="Default" rotation="0" justify="right" flipped="False" hidden="False" data="STAT_2" />
      <text name="pindes" originx="1260" originy="-1180" style="Default" rotation="0" justify="lowerleft" flipped="False" hidden="False" data="30" />
    </sympin>
    <sympin number="31" originx="1200" originy="-1300" rotation="0" length="100" width="7.8740157480315" flipped="False">
      <text name="pinname" originx="1170" originy="-1300" style="Default" rotation="0" justify="right" flipped="False" hidden="False" data="VAC1_2" />
      <text name="pindes" originx="1260" originy="-1280" style="Default" rotation="0" justify="lowerleft" flipped="False" hidden="False" data="31" />
    </sympin>
    <sympin number="32" originx="1200" originy="-1400" rotation="0" length="100" width="7.8740157480315" flipped="False">
      <text name="pinname" originx="1170" originy="-1400" style="Default" rotation="0" justify="right" flipped="False" hidden="False" data="TS_2" />
      <text name="pindes" originx="1260" originy="-1380" style="Default" rotation="0" justify="lowerleft" flipped="False" hidden="False" data="32" />
    </sympin>
    <sympin number="33" originx="1200" originy="-1500" rotation="0" length="100" width="7.8740157480315" flipped="False">
      <text name="pinname" originx="1170" originy="-1500" style="Default" rotation="0" justify="right" flipped="False" hidden="False" data="SDRV_2" />
      <text name="pindes" originx="1260" originy="-1480" style="Default" rotation="0" justify="lowerleft" flipped="False" hidden="False" data="33" />
    </sympin>
  </symbol>
  <component name="BQ25792RQMR" designatorprefix="IC" height="39.370078740157" footprint="BQ25792RQMR">
    <comppin designator="1" sympin="1" pinswap="0" gateswap="0" gate="1" group="1" side="" type="Any" name="STAT_1" />
    <comppin designator="2" sympin="2" pinswap="0" gateswap="0" gate="1" group="1" side="" type="Any" name="VBUS_1" />
    <comppin designator="3" sympin="3" pinswap="0" gateswap="0" gate="1" group="1" side="" type="Any" name="VBUS_2" />
    <comppin designator="4" sympin="4" pinswap="0" gateswap="0" gate="1" group="1" side="" type="Any" name="BTST1" />
    <comppin designator="5" sympin="5" pinswap="0" gateswap="0" gate="1" group="1" side="" type="Any" name="REGN" />
    <comppin designator="6" sympin="6" pinswap="0" gateswap="0" gate="1" group="1" side="" type="Any" name="D+" />
    <comppin designator="7" sympin="7" pinswap="0" gateswap="0" gate="1" group="1" side="" type="Any" name="D-" />
    <comppin designator="8" sympin="8" pinswap="0" gateswap="0" gate="1" group="1" side="" type="Any" name="VAC2" />
    <comppin designator="9" sympin="9" pinswap="0" gateswap="0" gate="1" group="1" side="" type="Any" name="VAC1_1" />
    <comppin designator="10" sympin="10" pinswap="0" gateswap="0" gate="1" group="1" side="" type="Any" name="ACDRV2" />
    <comppin designator="11" sympin="11" pinswap="0" gateswap="0" gate="1" group="1" side="" type="Any" name="ACDRV1" />
    <comppin designator="12" sympin="12" pinswap="0" gateswap="0" gate="1" group="1" side="" type="Any" name="|QON" />
    <comppin designator="13" sympin="13" pinswap="0" gateswap="0" gate="1" group="1" side="" type="Any" name="|CE" />
    <comppin designator="14" sympin="14" pinswap="0" gateswap="0" gate="1" group="1" side="" type="Any" name="SCL" />
    <comppin designator="15" sympin="15" pinswap="0" gateswap="0" gate="1" group="1" side="" type="Any" name="SDA" />
    <comppin designator="16" sympin="16" pinswap="0" gateswap="0" gate="1" group="1" side="" type="Any" name="TS_1" />
    <comppin designator="17" sympin="17" pinswap="0" gateswap="0" gate="1" group="1" side="" type="Any" name="ILIM_HIZ" />
    <comppin designator="18" sympin="18" pinswap="0" gateswap="0" gate="1" group="1" side="" type="Any" name="BATP" />
    <comppin designator="19" sympin="19" pinswap="0" gateswap="0" gate="1" group="1" side="" type="Any" name="BTST2" />
    <comppin designator="20" sympin="20" pinswap="0" gateswap="0" gate="1" group="1" side="" type="Any" name="PROG" />
    <comppin designator="21" sympin="21" pinswap="0" gateswap="0" gate="1" group="1" side="" type="Any" name="|INT" />
    <comppin designator="22" sympin="22" pinswap="0" gateswap="0" gate="1" group="1" side="" type="Any" name="BAT_1" />
    <comppin designator="23" sympin="23" pinswap="0" gateswap="0" gate="1" group="1" side="" type="Any" name="BAT_2" />
    <comppin designator="24" sympin="24" pinswap="0" gateswap="0" gate="1" group="1" side="" type="Any" name="SDRV_1" />
    <comppin designator="25" sympin="25" pinswap="0" gateswap="0" gate="1" group="1" side="" type="Any" name="SYS" />
    <comppin designator="26" sympin="26" pinswap="0" gateswap="0" gate="1" group="1" side="" type="Any" name="SW2" />
    <comppin designator="27" sympin="27" pinswap="0" gateswap="0" gate="1" group="1" side="" type="Any" name="GND" />
    <comppin designator="28" sympin="28" pinswap="0" gateswap="0" gate="1" group="1" side="" type="Any" name="SW1" />
    <comppin designator="29" sympin="29" pinswap="0" gateswap="0" gate="1" group="1" side="" type="Any" name="PMID" />
    <comppin designator="30" sympin="30" pinswap="0" gateswap="0" gate="1" group="1" side="" type="Any" name="STAT_2" />
    <comppin designator="31" sympin="31" pinswap="0" gateswap="0" gate="1" group="1" side="" type="Any" name="VAC1_2" />
    <comppin designator="32" sympin="32" pinswap="0" gateswap="0" gate="1" group="1" side="" type="Any" name="TS_2" />
    <comppin designator="33" sympin="33" pinswap="0" gateswap="0" gate="1" group="1" side="" type="Any" name="SDRV_2" />
    <attached_symbol gate="1" name="BQ25792RQMR" />
    <pinmap designator="1" footprintpin="1" />
    <pinmap designator="2" footprintpin="2" />
    <pinmap designator="3" footprintpin="3" />
    <pinmap designator="4" footprintpin="4" />
    <pinmap designator="5" footprintpin="5" />
    <pinmap designator="6" footprintpin="6" />
    <pinmap designator="7" footprintpin="7" />
    <pinmap designator="8" footprintpin="8" />
    <pinmap designator="9" footprintpin="9" />
    <pinmap designator="10" footprintpin="10" />
    <pinmap designator="11" footprintpin="11" />
    <pinmap designator="12" footprintpin="12" />
    <pinmap designator="13" footprintpin="13" />
    <pinmap designator="14" footprintpin="14" />
    <pinmap designator="15" footprintpin="15" />
    <pinmap designator="16" footprintpin="16" />
    <pinmap designator="17" footprintpin="17" />
    <pinmap designator="18" footprintpin="18" />
    <pinmap designator="19" footprintpin="19" />
    <pinmap designator="20" footprintpin="20" />
    <pinmap designator="21" footprintpin="21" />
    <pinmap designator="22" footprintpin="22" />
    <pinmap designator="23" footprintpin="23" />
    <pinmap designator="24" footprintpin="24" />
    <pinmap designator="25" footprintpin="25" />
    <pinmap designator="26" footprintpin="26" />
    <pinmap designator="27" footprintpin="27" />
    <pinmap designator="28" footprintpin="28" />
    <pinmap designator="29" footprintpin="29" />
    <pinmap designator="30" footprintpin="30" />
    <pinmap designator="31" footprintpin="31" />
    <pinmap designator="32" footprintpin="32" />
    <pinmap designator="33" footprintpin="33" />
    <text name="Datasheet" originx="0" originy="0" style="Default" rotation="0" justify="" flipped="False" hidden="True" data="" />
    <text name="Description" originx="0" originy="0" style="Default" rotation="0" justify="" flipped="False" hidden="True" data="BQ25792 I 2C Controlled, 1-4 Cell, 5-A Buck-Boost Battery Charger with Dual-Input Selector and USB PD 3.0 OTG Output" />
    <text name="Manufacturer_Name" originx="0" originy="0" style="Default" rotation="0" justify="" flipped="False" hidden="True" data="Texas Instruments" />
    <text name="Manufacturer_Part_Number" originx="1250" originy="200" style="Default" rotation="0" justify="left" flipped="False" hidden="False" data="BQ25792RQMR" />
    <text name="Mouser Part Number" originx="0" originy="0" style="Default" rotation="0" justify="" flipped="False" hidden="True" data="595-BQ25792RQMR" />
    <text name="Mouser Price/Stock" originx="0" originy="0" style="Default" rotation="0" justify="" flipped="False" hidden="True" data="https://www.mouser.co.uk/ProductDetail/Texas-Instruments/BQ25792RQMR?qs=81r%252BiQLm7BSrfMJlEm4Auw%3D%3D" />
    <text name="Arrow Part Number" originx="0" originy="0" style="Default" rotation="0" justify="" flipped="False" hidden="True" data="BQ25792RQMR" />
    <text name="Arrow Price/Stock" originx="0" originy="0" style="Default" rotation="0" justify="" flipped="False" hidden="True" data="https://www.arrow.com/en/products/bq25792rqmr/texas-instruments?region=nac" />
  </component>
</quadcept_library>
