<?xml version="1.0" encoding="utf-8"?>
<!--/13734820/1173075/2.50/12/4/MOSFET (N-Channel)/-->
<quadcept_library>
  <setting unit="mil" />
  <textstyle name="Default" height="47.244094488189" strokewidth="7.8740157480315" charwidth="47.244094488189" />
  <textstyle name="Dimension" height="19.6850393700787" strokewidth="0" charwidth="19.6850393700787" />
  <textstyle name="H127W0635TH00762" height="50" strokewidth="3" charwidth="25" />
  <textstyle name="H15W15TH02" height="59.0551181102362" strokewidth="7.8740157480315" charwidth="59.0551181102362" />
  <padstyle name="r129_40" surface="True" plated="False" isvia="False" nopaste="False" nomask="True" complex="False" holesize="0">
    <padshape layer="TOP" shape="rectangle" width="15.748031496063" height="50.787401574803" />
    <padshape layer="TOP_SOLDER_MASK" shape="rectangle" width="23.622047244094" height="58.661417322834" />
    <padshape layer="TOP_SOLDER_PASTE" shape="rectangle" width="15.748031496063" height="50.787401574803" />
  </padstyle>
  <padstyle name="r45_42" surface="True" plated="False" isvia="False" nopaste="False" nomask="True" complex="False" holesize="0">
    <padshape layer="TOP" shape="rectangle" width="16.535433070866" height="17.716535433071" />
    <padshape layer="TOP_SOLDER_MASK" shape="rectangle" width="24.409448818897" height="25.590551181102" />
    <padshape layer="TOP_SOLDER_PASTE" shape="rectangle" width="16.535433070866" height="17.716535433071" />
  </padstyle>
  <padstyle name="r176_139" surface="True" plated="False" isvia="False" nopaste="False" nomask="True" complex="False" holesize="0">
    <padshape layer="TOP" shape="rectangle" width="54.724409448818" height="69.291338582676" />
    <padshape layer="TOP_SOLDER_MASK" shape="rectangle" width="62.59842519685" height="77.165354330708" />
    <padshape layer="TOP_SOLDER_PASTE" shape="rectangle" width="54.724409448818" height="69.291338582676" />
  </padstyle>
  <padstyle name="r30_20" surface="True" plated="False" isvia="False" nopaste="False" nomask="True" complex="False" holesize="0">
    <padshape layer="TOP" shape="rectangle" width="7.8740157480314" height="11.811023622047" />
    <padshape layer="TOP_SOLDER_MASK" shape="rectangle" width="15.748031496063" height="19.685039370078" />
    <padshape layer="TOP_SOLDER_PASTE" shape="rectangle" width="7.8740157480314" height="11.811023622047" />
  </padstyle>
  <footprint name="SISF06DNT1GE3" originx="0" originy="0" pickpointx="0" pickpointy="0">
    <pcbpin number="1" name="1" style="r129_40" originx="-52.834645669291" originy="38.385826771653" rotation="90" />
    <pcbpin number="2" name="2" style="r129_40" originx="-52.834645669291" originy="12.795275590551" rotation="90" />
    <pcbpin number="3" name="3" style="r129_40" originx="-52.834645669291" originy="-12.795275590551" rotation="90" />
    <pcbpin number="4" name="4" style="r129_40" originx="-52.834645669291" originy="-38.385826771653" rotation="90" />
    <pcbpin number="5" name="5" style="r45_42" originx="66.456692913385" originy="-38.385826771653" rotation="90" />
    <pcbpin number="6" name="6" style="r45_42" originx="66.456692913385" originy="-12.795275590551" rotation="90" />
    <pcbpin number="7" name="7" style="r45_42" originx="66.456692913385" originy="12.795275590551" rotation="90" />
    <pcbpin number="8" name="8" style="r45_42" originx="66.456692913385" originy="38.385826771653" rotation="90" />
    <pcbpin number="9" name="9" style="r176_139" originx="22.952755905512" originy="31.889763779527" rotation="90" />
    <pcbpin number="10" name="10" style="r176_139" originx="22.952755905512" originy="-31.889763779527" rotation="90" />
    <pcbpin number="11" name="11" style="r30_20" originx="-5.7874015748031" originy="63.188976377952" rotation="90" />
    <pcbpin number="12" name="12" style="r30_20" originx="-5.7874015748031" originy="-63.188976377952" rotation="90" />
    <line layer="TOP_ASSEMBLY" originx="-66.417322834645" originy="64.960629921259" endx="63.503937007873" endy="64.960629921259" width="3.9370078740157" />
    <line layer="TOP_ASSEMBLY" originx="63.503937007873" originy="64.960629921259" endx="63.503937007873" endy="-64.960629921259" width="3.9370078740157" />
    <line layer="TOP_ASSEMBLY" originx="63.503937007873" originy="-64.960629921259" endx="-66.417322834645" endy="-64.960629921259" width="3.9370078740157" />
    <line layer="TOP_ASSEMBLY" originx="-66.417322834645" originy="-64.960629921259" endx="-66.417322834645" endy="64.960629921259" width="3.9370078740157" />
    <line layer="TOP_PLACE_BOUND" originx="-117.59842519685" originy="106.49606299212" endx="114.64566929134" endy="106.49606299212" width="3.9370078740157" />
    <line layer="TOP_PLACE_BOUND" originx="114.64566929134" originy="106.49606299212" endx="114.64566929134" endy="-106.49606299212" width="3.9370078740157" />
    <line layer="TOP_PLACE_BOUND" originx="114.64566929134" originy="-106.49606299212" endx="-117.59842519685" endy="-106.49606299212" width="3.9370078740157" />
    <line layer="TOP_PLACE_BOUND" originx="-117.59842519685" originy="-106.49606299212" endx="-117.59842519685" endy="106.49606299212" width="3.9370078740157" />
    <line layer="TOP_SILKSCREEN" originx="-90.551181102361" originy="39.370078740157" endx="-90.551181102361" endy="39.370078740157" width="3.9370078740157" />
    <arc layer="TOP_SILKSCREEN" originx="-92.519685039369" originy="39.370078740157" startangle=".0" sweepangle="180.0" radius="1.9685039370079" width="3.9370078740157" />
    <line layer="TOP_SILKSCREEN" originx="-94.488188976377" originy="39.370078740157" endx="-94.488188976377" endy="39.370078740157" width="3.9370078740157" />
    <arc layer="TOP_SILKSCREEN" originx="-92.519685039369" originy="39.370078740157" startangle="180.0" sweepangle="180.0" radius="1.9685039370079" width="3.9370078740157" />
  </footprint>
  <symbol name="SISF06DN-T1-GE3" originx="0" originy="0">
    <line originx="200" originy="100" endx="900" endy="100" width="0" />
    <line originx="900" originy="-600" endx="900" endy="100" width="0" />
    <line originx="900" originy="-600" endx="200" endy="-600" width="0" />
    <line originx="200" originy="100" endx="200" endy="-600" width="0" />
    <sympin number="1" originx="200" originy="0" rotation="180" length="100" width="7.8740157480315" flipped="False">
      <text name="pinname" originx="230" originy="0" style="Default" rotation="0" justify="left" flipped="False" hidden="False" data="G1" />
      <text name="pindes" originx="140" originy="20" style="Default" rotation="0" justify="lowerright" flipped="False" hidden="False" data="1" />
    </sympin>
    <sympin number="2" originx="200" originy="-100" rotation="180" length="100" width="7.8740157480315" flipped="False">
      <text name="pinname" originx="230" originy="-100" style="Default" rotation="0" justify="left" flipped="False" hidden="False" data="D1" />
      <text name="pindes" originx="140" originy="-80" style="Default" rotation="0" justify="lowerright" flipped="False" hidden="False" data="2" />
    </sympin>
    <sympin number="3" originx="200" originy="-200" rotation="180" length="100" width="7.8740157480315" flipped="False">
      <text name="pinname" originx="230" originy="-200" style="Default" rotation="0" justify="left" flipped="False" hidden="False" data="D2" />
      <text name="pindes" originx="140" originy="-180" style="Default" rotation="0" justify="lowerright" flipped="False" hidden="False" data="3" />
    </sympin>
    <sympin number="4" originx="200" originy="-300" rotation="180" length="100" width="7.8740157480315" flipped="False">
      <text name="pinname" originx="230" originy="-300" style="Default" rotation="0" justify="left" flipped="False" hidden="False" data="G2" />
      <text name="pindes" originx="140" originy="-280" style="Default" rotation="0" justify="lowerright" flipped="False" hidden="False" data="4" />
    </sympin>
    <sympin number="5" originx="200" originy="-400" rotation="180" length="100" width="7.8740157480315" flipped="False">
      <text name="pinname" originx="230" originy="-400" style="Default" rotation="0" justify="left" flipped="False" hidden="False" data="S2_1" />
      <text name="pindes" originx="140" originy="-380" style="Default" rotation="0" justify="lowerright" flipped="False" hidden="False" data="5" />
    </sympin>
    <sympin number="6" originx="200" originy="-500" rotation="180" length="100" width="7.8740157480315" flipped="False">
      <text name="pinname" originx="230" originy="-500" style="Default" rotation="0" justify="left" flipped="False" hidden="False" data="S2_2" />
      <text name="pindes" originx="140" originy="-480" style="Default" rotation="0" justify="lowerright" flipped="False" hidden="False" data="6" />
    </sympin>
    <sympin number="7" originx="900" originy="0" rotation="0" length="100" width="7.8740157480315" flipped="False">
      <text name="pinname" originx="870" originy="0" style="Default" rotation="0" justify="right" flipped="False" hidden="False" data="S1_1" />
      <text name="pindes" originx="960" originy="20" style="Default" rotation="0" justify="lowerleft" flipped="False" hidden="False" data="7" />
    </sympin>
    <sympin number="8" originx="900" originy="-100" rotation="0" length="100" width="7.8740157480315" flipped="False">
      <text name="pinname" originx="870" originy="-100" style="Default" rotation="0" justify="right" flipped="False" hidden="False" data="S1_2" />
      <text name="pindes" originx="960" originy="-80" style="Default" rotation="0" justify="lowerleft" flipped="False" hidden="False" data="8" />
    </sympin>
    <sympin number="9" originx="900" originy="-200" rotation="0" length="100" width="7.8740157480315" flipped="False">
      <text name="pinname" originx="870" originy="-200" style="Default" rotation="0" justify="right" flipped="False" hidden="False" data="S1_3" />
      <text name="pindes" originx="960" originy="-180" style="Default" rotation="0" justify="lowerleft" flipped="False" hidden="False" data="9" />
    </sympin>
    <sympin number="10" originx="900" originy="-300" rotation="0" length="100" width="7.8740157480315" flipped="False">
      <text name="pinname" originx="870" originy="-300" style="Default" rotation="0" justify="right" flipped="False" hidden="False" data="S2_3" />
      <text name="pindes" originx="960" originy="-280" style="Default" rotation="0" justify="lowerleft" flipped="False" hidden="False" data="10" />
    </sympin>
    <sympin number="11" originx="900" originy="-400" rotation="0" length="100" width="7.8740157480315" flipped="False">
      <text name="pinname" originx="870" originy="-400" style="Default" rotation="0" justify="right" flipped="False" hidden="False" data="S1_4" />
      <text name="pindes" originx="960" originy="-380" style="Default" rotation="0" justify="lowerleft" flipped="False" hidden="False" data="11" />
    </sympin>
    <sympin number="12" originx="900" originy="-500" rotation="0" length="100" width="7.8740157480315" flipped="False">
      <text name="pinname" originx="870" originy="-500" style="Default" rotation="0" justify="right" flipped="False" hidden="False" data="S2_4" />
      <text name="pindes" originx="960" originy="-480" style="Default" rotation="0" justify="lowerleft" flipped="False" hidden="False" data="12" />
    </sympin>
  </symbol>
  <component name="SISF06DN-T1-GE3" designatorprefix="Q" height="31.496062992126" footprint="SISF06DNT1GE3">
    <comppin designator="1" sympin="1" pinswap="0" gateswap="0" gate="1" group="1" side="" type="Any" name="G1" />
    <comppin designator="2" sympin="2" pinswap="0" gateswap="0" gate="1" group="1" side="" type="Any" name="D1" />
    <comppin designator="3" sympin="3" pinswap="0" gateswap="0" gate="1" group="1" side="" type="Any" name="D2" />
    <comppin designator="4" sympin="4" pinswap="0" gateswap="0" gate="1" group="1" side="" type="Any" name="G2" />
    <comppin designator="5" sympin="5" pinswap="0" gateswap="0" gate="1" group="1" side="" type="Any" name="S2_1" />
    <comppin designator="6" sympin="6" pinswap="0" gateswap="0" gate="1" group="1" side="" type="Any" name="S2_2" />
    <comppin designator="7" sympin="7" pinswap="0" gateswap="0" gate="1" group="1" side="" type="Any" name="S1_1" />
    <comppin designator="8" sympin="8" pinswap="0" gateswap="0" gate="1" group="1" side="" type="Any" name="S1_2" />
    <comppin designator="9" sympin="9" pinswap="0" gateswap="0" gate="1" group="1" side="" type="Any" name="S1_3" />
    <comppin designator="10" sympin="10" pinswap="0" gateswap="0" gate="1" group="1" side="" type="Any" name="S2_3" />
    <comppin designator="11" sympin="11" pinswap="0" gateswap="0" gate="1" group="1" side="" type="Any" name="S1_4" />
    <comppin designator="12" sympin="12" pinswap="0" gateswap="0" gate="1" group="1" side="" type="Any" name="S2_4" />
    <attached_symbol gate="1" name="SISF06DN-T1-GE3" />
    <pinmap designator="1" footprintpin="1" />
    <pinmap designator="2" footprintpin="2" />
    <pinmap designator="3" footprintpin="3" />
    <pinmap designator="4" footprintpin="4" />
    <pinmap designator="5" footprintpin="5" />
    <pinmap designator="6" footprintpin="6" />
    <pinmap designator="7" footprintpin="7" />
    <pinmap designator="8" footprintpin="8" />
    <pinmap designator="9" footprintpin="9" />
    <pinmap designator="10" footprintpin="10" />
    <pinmap designator="11" footprintpin="11" />
    <pinmap designator="12" footprintpin="12" />
    <text name="Datasheet" originx="0" originy="0" style="Default" rotation="0" justify="" flipped="False" hidden="True" data="https://www.vishay.com/docs/77407/sisf06dn.pdf" />
    <text name="Description" originx="0" originy="0" style="Default" rotation="0" justify="" flipped="False" hidden="True" data="1-MOSFET Dual N-Ch 30V(S1-S2)" />
    <text name="Manufacturer_Name" originx="0" originy="0" style="Default" rotation="0" justify="" flipped="False" hidden="True" data="Vishay" />
    <text name="Manufacturer_Part_Number" originx="950" originy="200" style="Default" rotation="0" justify="left" flipped="False" hidden="False" data="SISF06DN-T1-GE3" />
    <text name="Mouser Part Number" originx="0" originy="0" style="Default" rotation="0" justify="" flipped="False" hidden="True" data="78-SISF06DN-T1-GE3" />
    <text name="Mouser Price/Stock" originx="0" originy="0" style="Default" rotation="0" justify="" flipped="False" hidden="True" data="https://www.mouser.co.uk/ProductDetail/Vishay-Siliconix/SISF06DN-T1-GE3?qs=vmHwEFxEFR9s9AAsXqpgFQ%3D%3D" />
    <text name="Arrow Part Number" originx="0" originy="0" style="Default" rotation="0" justify="" flipped="False" hidden="True" data="" />
    <text name="Arrow Price/Stock" originx="0" originy="0" style="Default" rotation="0" justify="" flipped="False" hidden="True" data="" />
  </component>
</quadcept_library>
